method,dimension,OA,AUC,MCC,Sn,Sp,AA
P,122,0.7076923076923077,0.756728778467909,0.42970381277175573,0.782608695652174,0.6666666666666667,0.7246376811594203
PD,146,0.7538461538461538,0.8084886128364389,0.5173228176742486,0.8260869565217391,0.7142857142857143,0.7701863354037267
PDC,173,0.8153846153846154,0.8364389233954452,0.5962732919254659,0.7391304347826086,0.8571428571428572,0.7981366459627328
PDCQ,148,0.7846153846153846,0.8043478260869565,0.5147743053351999,0.6086956521739131,0.8809523809523809,0.744824016563147
