method,dimension,OA,AUC,MCC,Sn,Sp,AA
P,113,0.7384615384615385,0.7510351966873706,0.5584863307411868,0.9565217391304348,0.6190476190476191,0.7877846790890269
PD,193,0.7692307692307693,0.8654244306418221,0.5777762503909711,0.9130434782608695,0.6904761904761905,0.8017598343685299
PDC,242,0.676923076923077,0.7743271221532091,0.4803312629399586,0.9565217391304348,0.5238095238095238,0.7401656314699794
PDCQ,239,0.7538461538461538,0.805383022774327,0.48616435985383893,0.7391304347826086,0.7619047619047619,0.7505175983436853
