classifier,dimension,OA,AUC,MCC,Sn,Sp,AA
SVM,229,0.6923076923076923,0.7691511387163561,0.4995084607743501,0.9565217391304348,0.5476190476190477,0.7520703933747412
DT,11,0.6,0.6977225672877847,0.38605722287790645,0.9565217391304348,0.40476190476190477,0.6806418219461698
NB,243,0.6307692307692307,0.6925465838509317,0.4579589979124736,1.0,0.4285714285714286,0.7142857142857143
ABC,254,0.6,0.6739130434782609,0.38605722287790645,0.9565217391304348,0.40476190476190477,0.6806418219461698
